frame,timestamp_seconds,state,view_id,view_name,motion_translation_pixels,motion_rotation_deg,motion_scale,motion_inliers,motion_inlier_ratio,edge_change_ratio,moving_evidence,stable_evidence,event
0,0.0,STABLE,1,VIEW_001,0.0,0.0,1.0,0,1.0,0.0,0,1,INITIAL_VIEW
1,0.04051863857374392,STABLE,1,VIEW_001,0.021265912890962954,3.8849798987164455e-05,0.999950107919675,507,1.0,0.034978445939748685,0,1,
2,0.08103727714748785,STABLE,1,VIEW_001,0.010588818889754645,0.0004158181538218227,1.0000031413914434,517,1.0,0.02456008985398727,0,1,
3,0.12155591572123177,STABLE,1,VIEW_001,0.0015303730040912384,-3.949961688854623e-05,1.0000001769411042,520,1.0,0.014353450068627044,0,1,
4,0.1620745542949757,STABLE,1,VIEW_001,0.00100428901042668,-0.00011796223710904469,0.999997288865944,519,1.0,0.008368340057397164,0,1,
5,0.2025931928687196,STABLE,1,VIEW_001,0.0020300654619364754,0.00031964729750282223,0.999999369421469,523,1.0,0.004196298606778956,0,1,
6,0.24311183144246354,STABLE,1,VIEW_001,0.0020337102976547383,0.0002856830299218238,1.0000036908188747,527,1.0,0.0033936369307548345,0,1,
7,0.28363047001620745,STABLE,1,VIEW_001,0.0004346312132366113,-9.43206770169031e-05,0.9999997442949865,526,1.0,0.0032979418015163047,0,1,
8,0.3241491085899514,STABLE,1,VIEW_001,0.0002158604206196334,4.5287435390434584e-05,1.0000005871215325,526,1.0,0.0023455629767024045,0,1,
9,0.3646677471636953,STABLE,1,VIEW_001,0.00039947548199954276,2.361577104211759e-05,1.0000002810501154,525,1.0,0.0011311934923103795,0,1,
10,0.4051863857374392,STABLE,1,VIEW_001,0.00029506808617983367,-2.8242239586234542e-06,0.9999992330866917,526,1.0,0.0008109659227960442,0,1,
11,0.44570502431118314,STABLE,1,VIEW_001,0.00042307957358110886,3.113802011255672e-05,1.0000002020998362,525,1.0,0.0007444251291307278,0,1,
12,0.4862236628849271,STABLE,1,VIEW_001,0.01963328266134438,0.0011670956316200316,0.9999878699853433,522,1.0,0.036310001789079956,0,1,
13,0.526742301458671,STABLE,1,VIEW_001,0.005426227134358525,0.0005296770843239761,1.0000059288421261,512,1.0,0.010410516950350482,0,1,
14,0.5672609400324149,STABLE,1,VIEW_001,0.0018989342619877938,-7.956786484236351e-05,0.9999986196245656,516,1.0,0.006144865835710069,0,1,
15,0.6077795786061588,STABLE,1,VIEW_001,0.00011371190548713096,-1.7524784380682717e-05,0.9999997579788834,514,1.0,0.00019124751586107117,0,1,
16,0.6482982171799028,STABLE,1,VIEW_001,0.0003955660182984172,-1.3439600196533937e-05,0.9999998462986808,514,1.0,0.000598672941646018,0,1,
17,0.6888168557536467,STABLE,1,VIEW_001,0.0002092967654689028,2.031911819739334e-05,0.9999996984998962,513,1.0,0.0001579831373788103,0,1,
18,0.7293354943273906,STABLE,1,VIEW_001,0.0012955537519212569,3.298532557729739e-05,0.9999958595999111,513,1.0,0.0023240150998619724,0,1,
19,0.7698541329011346,STABLE,1,VIEW_001,0.00047138300843410435,9.414918966219072e-05,1.000000561612633,515,1.0,0.0001662980393461161,0,1,
20,0.8103727714748784,STABLE,1,VIEW_001,0.0001749812164860041,7.766432421953653e-05,1.000000766111351,515,1.0,0.00042821745131624896,0,1,
21,0.8508914100486223,STABLE,1,VIEW_001,2.3200461880950954e-05,-1.0597475783837633e-05,0.999999870235408,515,1.0,0.00017461294131342192,0,1,
22,0.8914100486223663,STABLE,1,VIEW_001,0.0004973826198083883,-4.7030960700868937e-05,1.0000000107906089,515,1.0,0.00020787514187478433,0,1,
23,0.9319286871961102,STABLE,1,VIEW_001,0.00045620790188115535,3.125670384266676e-05,1.0000000551857726,515,1.0,0.0007649837025211202,0,1,
24,0.9724473257698542,STABLE,1,VIEW_001,0.0058540744923864275,-0.0003499403611614254,1.0000047842755388,514,1.0,0.012098383556176411,0,1,
25,1.012965964343598,STABLE,1,VIEW_001,0.004013848493647296,0.0007648508289172577,1.0000091235454516,514,1.0,0.015386662121205822,0,1,
26,1.053484602917342,STABLE,1,VIEW_001,0.0007906708863232889,-0.00012409702720411292,0.9999974651590513,518,1.0,0.005013865041387252,0,1,
27,1.0940032414910859,STABLE,1,VIEW_001,0.00045542150324263497,5.139390567044133e-06,0.9999987004317559,518,1.0,0.00020371425126697792,0,1,
28,1.1345218800648298,STABLE,1,VIEW_001,0.0006628431652696871,6.939091478773196e-06,1.0000015113603797,518,1.0,0.0002452896080355213,0,1,
29,1.1750405186385737,STABLE,1,VIEW_001,0.00028132539148970206,-3.5330140814769863e-06,0.9999994951870833,516,1.0,0.00021203000016629803,0,1,
30,1.2155591572123177,STABLE,1,VIEW_001,0.0019678948438933423,-8.571913311686962e-05,1.0000057678068643,516,1.0,0.0014176907854256398,0,1,
31,1.2560777957860616,STABLE,1,VIEW_001,0.0003112793262653443,-8.011254540082525e-06,0.999999255118499,516,1.0,0.00020371509819899224,0,1,
32,1.2965964343598055,STABLE,1,VIEW_001,0.0002315826463950967,3.514283527610136e-05,0.9999999376910437,517,1.0,0.00024113215705186836,0,1,
33,1.3371150729335495,STABLE,1,VIEW_001,0.0001919132426829542,5.604759364115464e-06,1.0000002655315625,516,1.0,0.0003034939218066619,0,1,
34,1.3776337115072934,STABLE,1,VIEW_001,7.783783074981694e-05,1.6779854937592956e-05,0.9999999946219214,518,1.0,0.0001829278432807277,0,1,
35,1.4181523500810373,STABLE,1,VIEW_001,0.0006921825019900087,-0.00014970257097336897,1.0000007086642264,518,1.0,0.000299336470823009,0,1,
36,1.4586709886547813,STABLE,1,VIEW_001,0.0036589493155642612,-0.0005903782803426392,0.9999927607135123,517,1.0,0.014176907854256399,0,1,
37,1.4991896272285252,STABLE,1,VIEW_001,0.0045478935308921,0.0007832475461918011,1.0000102765833705,514,1.0,0.016521435460804205,0,1,
38,1.5397082658022692,STABLE,1,VIEW_001,0.0026105939622475976,-0.0005029576936726705,1.0000014960266626,517,1.0,0.004431769049123624,0,1,
39,1.5802269043760129,STABLE,1,VIEW_001,0.00020071325492724255,-3.3402797633919644e-05,0.9999997076011307,517,1.0,0.000469784148734493,0,1,
40,1.6207455429497568,STABLE,1,VIEW_001,0.0010221942882637281,0.0001045007514484378,0.9999975783851168,517,1.0,0.002764658928393255,0,1,
41,1.6612641815235007,STABLE,1,VIEW_001,0.000448906535930088,2.0112151868536664e-05,0.9999999897482393,516,1.0,0.00021618385605481091,0,1,
42,1.7017828200972447,STABLE,1,VIEW_001,0.00027438220724932875,2.0575132004815084e-05,1.0000004820975459,516,1.0,0.00021202647420760301,0,1,
43,1.7423014586709886,STABLE,1,VIEW_001,0.00033458387252606995,5.50262363833071e-07,0.9999994937667455,515,1.0,0.00019955432866597931,0,1,
44,1.7828200972447326,STABLE,1,VIEW_001,0.00044095888837723487,-5.1042718348270655e-05,0.9999999083761887,516,1.0,0.0015423886653141317,0,1,
45,1.8233387358184765,STABLE,1,VIEW_001,0.0022524172631518203,-0.00018820080140316857,0.9999960322669565,516,1.0,0.002860278710879037,0,1,
46,1.8638573743922204,STABLE,1,VIEW_001,0.0001299068660666089,2.223862919077845e-05,0.9999995530706443,519,1.0,0.00027438720191572157,0,1,
47,1.9043760129659644,STABLE,1,VIEW_001,0.0003672951830811872,-1.6927178572756113e-05,0.9999996528992297,519,1.0,0.0008356337512887884,0,1,
48,1.9448946515397083,STABLE,1,VIEW_001,0.0077082006305987365,-0.000320049140815186,0.9999927238768836,518,1.0,0.016451101936964467,0,1,
49,1.9854132901134522,STABLE,1,VIEW_001,0.008429736276833287,0.0007882336352156446,1.0000090667917092,510,1.0,0.019655692792496914,0,1,
50,2.025931928687196,STABLE,1,VIEW_001,0.01803844575035387,-0.0009944007018318436,0.9999929376926596,515,1.0,0.025710019920898646,0,1,
51,2.06645056726094,STABLE,1,VIEW_001,0.002404468349317213,-0.00010623446496268433,1.0000091283792265,511,1.0,0.01037335772492932,0,1,
52,2.106969205834684,STABLE,1,VIEW_001,0.0008826641663784623,-3.570815888309182e-05,0.9999986895494943,511,1.0,0.0037335462036736764,0,1,
53,2.147487844408428,STABLE,1,VIEW_001,0.002887795371025685,-0.0002281989734734206,0.9999970258096439,510,1.0,0.005475431236981819,0,1,
54,2.1880064829821717,STABLE,1,VIEW_001,0.0005067779519441856,-4.454654388017702e-05,0.9999988910063121,511,1.0,0.0015091735300109342,0,1,
55,2.228525121555916,STABLE,1,VIEW_001,0.0005711051990522257,8.195068473007514e-05,1.0000004320160776,512,1.0,0.0009645486785267351,0,1,
56,2.2690437601296596,STABLE,1,VIEW_001,0.0001555633584967543,-9.163647980638988e-05,0.9999992843802041,511,1.0,0.0013719816403911394,0,1,
57,2.3095623987034037,STABLE,1,VIEW_001,0.0003159735911987417,1.8228958910959194e-05,0.9999999353423606,512,1.0,0.0005072153461744737,0,1,
58,2.3500810372771475,STABLE,1,VIEW_001,0.00019952830674939257,4.65553685657977e-05,1.0000004521272268,511,1.0,0.0015798510782483609,0,1,
59,2.3905996758508916,STABLE,1,VIEW_001,0.000443702308874705,-2.6904467374432337e-05,0.9999998988549375,512,1.0,0.0009312806355990338,0,1,
60,2.4311183144246353,STABLE,1,VIEW_001,0.016408156134734685,-0.00050021344130678,0.9999789351477977,511,1.0,0.03344647150332344,0,1,
61,2.4716369529983795,STABLE,1,VIEW_001,0.008471097829526696,-0.0005122744711094352,1.0000159147974568,514,1.0,0.01909429914817725,0,1,
62,2.512155591572123,STABLE,1,VIEW_001,0.0011331633764733548,0.0002059802771114522,1.000003864759186,518,1.0,0.0039831692389568915,0,1,
63,2.552674230145867,STABLE,1,VIEW_001,0.0002532828517276563,7.877460329693509e-05,0.9999999857787458,516,1.0,0.00239036537254364,0,1,
64,2.593192868719611,STABLE,1,VIEW_001,0.0011943166784378816,-0.000228354098560904,1.0000033725701933,515,1.0,0.0008438818565400844,0,1,
65,2.633711507293355,STABLE,1,VIEW_001,0.0009649459554757279,-0.00017699582081245,0.9999984064682812,516,1.0,0.0009519692044197976,0,1,
66,2.674230145867099,STABLE,1,VIEW_001,0.001547871737231627,0.00017925561551783792,1.0000003538644844,515,1.0,0.001845747091077642,0,1,
67,2.7147487844408427,STABLE,1,VIEW_001,0.000915582314864911,-0.00010998592156989983,0.9999976497027153,515,1.0,0.00042402298038270153,0,1,
68,2.755267423014587,STABLE,1,VIEW_001,0.000531468574556511,6.094842310553642e-05,1.0000024935231626,515,1.0,7.482758477341791e-05,0,1,
69,2.7957860615883305,STABLE,1,VIEW_001,0.00029784427617837706,-3.8956980766713955e-05,0.9999980075246686,515,1.0,5.4042144558579607e-05,0,1,
70,2.8363047001620747,STABLE,1,VIEW_001,0.000561485295401279,5.338170544820725e-05,1.000002665033615,515,1.0,0.00021201237154544548,0,1,
71,2.8768233387358184,STABLE,1,VIEW_001,0.0004458743445145554,-1.4442576664519944e-06,0.9999970578856088,515,1.0,0.0004905384282816189,0,1,
72,2.9173419773095626,STABLE,1,VIEW_001,0.00843177324736388,1.996025560058046e-05,0.9999774189333487,515,1.0,0.01909813882526076,0,1,
73,2.9578606158833063,STABLE,1,VIEW_001,0.007801242138755886,-4.2695830112493627e-05,1.0000176563659662,513,1.0,0.012429796591990887,0,1,
74,2.9983792544570504,STABLE,1,VIEW_001,0.0010737210054806807,0.00029105579466300844,1.000000707745813,521,1.0,0.0020369900769483394,0,1,
75,3.038897893030794,STABLE,1,VIEW_001,0.0006453601972921292,-4.932007923515349e-05,0.9999982347614491,519,1.0,0.0002660558467850892,0,1,
76,3.0794165316045383,STABLE,1,VIEW_001,0.0003697940567299235,2.576711792616209e-05,1.0000014891337308,519,1.0,8.314245212034039e-05,0,1,
77,3.119935170178282,STABLE,1,VIEW_001,0.0008243854802980768,-7.322057954561955e-05,0.9999991099411673,519,1.0,6.235683909025528e-05,0,1,
78,3.1604538087520258,STABLE,1,VIEW_001,0.0004445898053601329,-0.00010874379525839826,1.0000021684677087,519,1.0,0.00046144252754105175,0,1,
79,3.20097244732577,STABLE,1,VIEW_001,0.0005303788312008716,-3.3335534959445007e-06,0.9999985971464861,520,1.0,7.4827895839569e-05,0,1,
80,3.2414910858995136,STABLE,1,VIEW_001,0.0005084580634625423,4.268451020771196e-05,1.0000017827540133,520,1.0,5.404236921746649e-05,0,1,
81,3.282009724473258,STABLE,1,VIEW_001,0.0006423854275860695,8.732885608606784e-05,0.9999984011175439,520,1.0,0.0003616681632245835,0,1,
82,3.3225283630470015,STABLE,1,VIEW_001,0.0004353320597562103,2.622292451973185e-05,1.0000015522011885,519,1.0,7.89850011639895e-05,0,1,
83,3.3630470016207457,STABLE,1,VIEW_001,0.0005033369655962484,-5.9597332392805336e-05,0.9999986054704416,519,1.0,0.00034088263660248094,0,1,
84,3.4035656401944894,STABLE,1,VIEW_001,0.006491528842792537,-0.00039652118161208306,0.9999851960917553,518,1.0,0.0140355545208122,0,1,
85,3.4440842787682335,STABLE,1,VIEW_001,0.006174676856178895,0.0001172262006605465,1.0000190690575288,512,1.0,0.015793827976569093,0,1,
86,3.4846029173419772,STABLE,1,VIEW_001,0.0009018334509273766,0.00025056635593080835,0.9999998342622898,519,1.0,0.002968358298307537,0,1,
87,3.5251215559157214,STABLE,1,VIEW_001,0.0003756992860709859,1.935049636111262e-05,0.9999987503037723,516,1.0,9.561938495948648e-05,0,1,
88,3.565640194489465,STABLE,1,VIEW_001,0.0005137667411336802,4.1562943255927135e-05,1.0000011626132257,516,1.0,0.0001829240407920611,0,1,
89,3.6061588330632093,STABLE,1,VIEW_001,0.000367137104001646,6.521947834346141e-06,0.9999991917268022,516,1.0,0.0012305799107829565,0,1,
90,3.646677471636953,STABLE,1,VIEW_001,0.0008818468653707324,3.8000753125760495e-05,1.0000014995457869,514,1.0,0.000315963647550866,0,1,
91,3.687196110210697,STABLE,1,VIEW_001,0.0007322950596840308,-1.5700656424825004e-05,0.9999982197670908,514,1.0,0.000315963647550866,0,1,
92,3.727714748784441,STABLE,1,VIEW_001,0.0003039546415576275,2.8152922067572788e-05,1.0000021301546713,514,1.0,6.651866264228757e-05,0,1,
93,3.768233387358185,STABLE,1,VIEW_001,0.0006884744430118013,-4.8469657693973664e-05,0.9999980462505965,514,1.0,0.0001870837386814338,0,1,
94,3.8087520259319287,STABLE,1,VIEW_001,0.000270846966607744,9.941695406649532e-06,1.000002393252701,514,1.0,0.0011557617634097466,0,1,
95,3.8492706645056725,STABLE,1,VIEW_001,0.0007126937796505998,-1.2284148592666476e-05,0.9999990496616029,517,1.0,0.0002037134043420057,0,1,
96,3.8897893030794166,STABLE,1,VIEW_001,0.006005344369395157,-0.00044978652040143747,0.9999782957137149,517,1.0,0.016995588962845014,0,1,
97,3.9303079416531603,STABLE,1,VIEW_001,0.004377872778086604,0.000610791607543142,1.0000146604295244,513,1.0,0.011690509152438086,0,1,
98,3.9708265802269045,STABLE,1,VIEW_001,0.001101433939342961,0.0004587379757080421,0.9999992696863463,521,1.0,0.0029059857486135247,0,1,
99,4.011345218800648,STABLE,1,VIEW_001,0.008098282901808867,0.0009571924341682371,1.0000034765854782,520,1.0,0.027114796088084626,0,1,
100,4.051863857374392,STABLE,1,VIEW_001,44.03050974281995,-0.00024955988823804887,1.0000821225269543,491,0.9959432048681541,0.22755122980856615,1,0,
101,4.0923824959481365,STABLE,1,VIEW_001,44.016708154821124,-0.00592802801695808,1.0000135237176735,515,0.9961315280464217,0.2288207337619339,1,0,
102,4.13290113452188,MOVING,1,VIEW_001,43.96272407747909,-0.0012503440835880946,0.9999377000964212,471,0.9853556485355649,0.2284676212865997,1,0,MOVEMENT_STARTED
103,4.173419773095624,MOVING,1,VIEW_001,44.99625167641179,0.0035913022660010218,1.0000749743076156,481,0.9979253112033195,0.23339562244419118,1,0,
104,4.213938411669368,MOVING,1,VIEW_001,44.01845638179511,-0.0023593710068171812,1.0000713596065853,464,0.9935760171306209,0.22798852139670303,1,0,
105,4.254457050243112,MOVING,1,VIEW_001,43.99573464063575,-0.000496870178811774,1.0000864057898766,444,0.9932885906040269,0.22115908044051757,1,0,
106,4.294975688816856,MOVING,1,VIEW_001,43.9865453027975,0.001956575588016861,0.9999675386362179,451,0.9912087912087912,0.21239656622900457,1,0,
107,4.3354943273906,MOVING,1,VIEW_001,43.99008008937942,0.0022603783136215362,1.0000081209582252,433,0.9976958525345622,0.20447821775135053,1,0,
108,4.376012965964343,MOVING,1,VIEW_001,44.00039868722957,-0.004396243552947783,1.00014989383497,401,0.975669099756691,0.19436620897171386,1,0,
109,4.416531604538087,MOVING,1,VIEW_001,44.0099319363087,0.0022454239272474683,1.000043133117633,387,0.989769820971867,0.18237204164295517,1,0,
110,4.457050243111832,MOVING,1,VIEW_001,45.026311218847276,0.012225938849905029,0.9999618044314161,350,0.9831460674157303,0.17469506583900815,1,0,
111,4.4975688816855754,MOVING,1,VIEW_001,43.99214333472856,-0.0020681320710479885,1.0000351306850428,348,0.9914529914529915,0.16488327458384033,1,0,
112,4.538087520259319,MOVING,1,VIEW_001,43.985452929989776,-0.007355783046004509,0.9999991523142376,333,0.9910714285714286,0.15652137521186885,1,0,
113,4.578606158833063,MOVING,1,VIEW_001,44.0034773951184,0.003923930328369148,0.9999666113020264,330,0.9821428571428571,0.14667297554194217,1,0,
114,4.6191247974068075,MOVING,1,VIEW_001,43.96948905295463,0.011517363224057092,1.000004567160029,307,0.9839743589743589,0.14246478991174452,1,0,
115,4.659643435980551,MOVING,1,VIEW_001,43.99021589597759,0.0017814717978473073,1.0000112722513859,288,0.9965397923875432,0.13949527790679672,1,0,
116,4.700162074554295,MOVING,1,VIEW_001,43.98070388140568,-0.008204824398668539,1.0001544097086397,275,0.975177304964539,0.1458122432588453,1,0,
117,4.740680713128039,MOVING,1,VIEW_001,44.02127730386343,0.005615340409382393,0.9999783616402305,308,0.9840255591054313,0.15416087953279003,1,0,
118,4.781199351701783,MOVING,1,VIEW_001,44.94055470328288,0.006935414197304221,1.0000583155867129,296,0.961038961038961,0.15827620963525874,1,0,
119,4.821717990275527,MOVING,1,VIEW_001,43.987622582982645,0.0022377533948004127,0.9999499767117476,290,0.9698996655518395,0.1573418684137954,1,0,
120,4.862236628849271,MOVING,1,VIEW_001,44.03012732721832,0.0014200005576512963,0.999994591468026,264,0.9428571428571428,0.16093812000083538,1,0,
121,4.902755267423014,MOVING,1,VIEW_001,44.07404470422353,0.003808609763189888,1.0002799240922617,241,0.9128787878787878,0.1540927896597935,1,0,
122,4.943273905996759,MOVING,1,VIEW_001,43.95292257995068,0.0029996706316504883,1.0000369284146124,220,0.9821428571428571,0.15061274049595053,1,0,
123,4.983792544570503,MOVING,1,VIEW_001,43.98838969870778,-0.0038636390098344014,0.9999611228432544,205,0.9808612440191388,0.15287025448477262,1,0,
124,5.024311183144246,MOVING,1,VIEW_001,43.98325120892053,-0.001908284683218579,0.9999522301976967,215,0.9555555555555556,0.1547246277711298,1,0,
125,5.06482982171799,MOVING,1,VIEW_001,44.99564956127127,0.0034386052021355517,1.0000982355550303,209,0.9675925925925926,0.1541028407647027,1,0,
126,5.105348460291734,MOVING,1,VIEW_001,43.9869130136983,0.018713393314378688,1.000232312529497,216,0.9557522123893806,0.15427319637004244,1,0,
127,5.145867098865478,MOVING,1,VIEW_001,43.97898261238722,-0.004013944320190088,0.9998580430764014,208,1.0,0.1490366790943742,1,0,
128,5.186385737439222,MOVING,1,VIEW_001,44.00125717444527,-0.00973342136509256,1.000098508006745,203,0.9902439024390244,0.14433088563362897,1,0,
129,5.226904376012966,MOVING,1,VIEW_001,0.0007271106919601358,-5.160947784119894e-05,0.999998883911015,230,1.0,0.0009875436718367481,0,1,
130,5.26742301458671,MOVING,1,VIEW_001,0.007295074324748615,-0.0004704867322158681,1.0000040583836207,230,1.0,0.0017178351957045821,0,1,
131,5.307941653160454,MOVING,1,VIEW_001,0.011702413703389909,-0.0012255641517033298,1.0000052067133016,231,1.0,0.001995850622406639,0,1,
132,5.348460291734198,MOVING,1,VIEW_001,0.015579046709705323,0.00039406706694435735,1.0000209429773919,227,1.0,0.009005717322615603,0,1,
133,5.388978930307942,MOVING,1,VIEW_001,0.016994795008651274,-0.00043130762533080864,1.0000007051197233,220,1.0,0.00365607194286402,0,1,
134,5.429497568881685,MOVING,1,VIEW_001,0.009838720965099154,-0.0004751678331817896,0.9999998462616265,220,1.0,0.005075446954731827,0,1,
135,5.47001620745543,MOVING,1,VIEW_001,0.004561821881686023,-0.0005532595888786642,1.0000137275339336,223,1.0,0.00262277665728775,0,1,
136,5.510534846029174,MOVING,1,VIEW_001,0.002885777091847948,-0.0003591879170848808,1.0000046577778623,220,0.995475113122172,0.0020708315695990307,0,1,
137,5.551053484602917,MOVING,1,VIEW_001,0.0034896107719589124,1.8701028875632736e-05,0.999991212160216,222,0.9955156950672646,0.002975511169579237,0,1,
138,5.591572123176661,MOVING,1,VIEW_001,0.0022052109194723563,0.0008592840392907769,0.9999977172868395,221,1.0,0.0029008001062381726,0,1,
139,5.632090761750406,MOVING,1,VIEW_001,0.008121307981481564,-0.0016490429601429748,1.000008897998753,221,1.0,0.0022409893553005625,0,1,
140,5.672609400324149,NEW_STABLE_VIEW,2,VIEW_002,0.03265471908510309,0.0011291287338006757,1.0000988165179747,218,0.9954337899543378,0.003997658692105558,0,1,NEW_STABLE_VIEW
141,5.713128038897893,NEW_STABLE_VIEW,2,VIEW_002,0.0069973464117188,0.0011986460951221678,0.9999774677229274,222,0.9955156950672646,0.002713997003813705,0,1,
142,5.753646677471637,NEW_STABLE_VIEW,2,VIEW_002,0.006807379706271496,-0.0012162146683695804,1.000011155691525,222,1.0,0.0020748007153912865,0,1,
143,5.7941653160453805,NEW_STABLE_VIEW,2,VIEW_002,0.0009689897658555967,-0.001172521086428327,1.0000144693682895,222,1.0,0.004253235571157668,0,1,
144,5.834683954619125,NEW_STABLE_VIEW,2,VIEW_002,0.002543052248924231,-0.0002063558719671958,1.0000136742204067,218,0.9954337899543378,0.007092875582080632,0,1,
145,5.875202593192869,NEW_STABLE_VIEW,2,VIEW_002,0.005191313855005158,0.0011370500611123282,1.00001938584025,220,0.995475113122172,0.004021915079068609,0,1,
146,5.915721231766613,NEW_STABLE_VIEW,2,VIEW_002,0.007134413586940889,0.00034576080118039695,0.9999768679047815,219,0.9864864864864865,0.004258321573835809,0,1,
147,5.956239870340356,NEW_STABLE_VIEW,2,VIEW_002,0.007406445261864105,6.864829032916156e-05,0.999976251775487,223,0.9955357142857143,0.0026936278477124914,0,1,
148,5.996758508914101,NEW_STABLE_VIEW,2,VIEW_002,0.0037654829405593814,-0.000624730009760141,1.0000134339572335,222,0.9955156950672646,0.002220396102063516,0,1,
149,6.037277147487845,NEW_STABLE_VIEW,2,VIEW_002,0.002377866195798588,-0.0008804520886920083,1.0000054601825004,223,1.0,0.00291349170775437,0,1,
150,6.077795786061588,NEW_STABLE_VIEW,2,VIEW_002,0.007701239287527479,-0.0015912157082278216,1.000001293002918,222,1.0,0.010922405669189351,0,1,
151,6.118314424635332,NEW_STABLE_VIEW,2,VIEW_002,0.0008917666284485182,0.00042800972468104193,0.999999007791466,219,1.0,0.004996555530655777,0,1,
152,6.158833063209077,NEW_STABLE_VIEW,2,VIEW_002,0.003130317327016969,-0.0006021510258655216,0.9999969508743166,219,0.9909502262443439,0.004573107472175421,0,1,
153,6.19935170178282,NEW_STABLE_VIEW,2,VIEW_002,0.006969185904560612,-0.0020379478856832087,1.0000151233170185,221,1.0,0.002269982695013093,0,1,
154,6.239870340356564,NEW_STABLE_VIEW,2,VIEW_002,0.004441245294756537,-0.00033706545506413514,1.0000029488362632,223,1.0,0.0018133983998937688,0,1,
155,6.280388978930308,NEW_STABLE_VIEW,2,VIEW_002,0.0016899476961597173,-0.00026328358129810834,0.999991386741159,222,0.9910714285714286,0.0006722410108512978,0,1,
156,6.3209076175040515,NEW_STABLE_VIEW,2,VIEW_002,0.018415810174187308,-0.0029963482254391784,0.9999874133132153,219,1.0,0.011313344349140185,0,1,
157,6.361426256077796,NEW_STABLE_VIEW,2,VIEW_002,0.017495879968009647,0.0009522856999987067,0.9999972106523118,226,1.0,0.004621467004633913,0,1,
158,6.40194489465154,NEW_STABLE_VIEW,2,VIEW_002,0.03189198031279935,-0.0009478948226525626,1.000017368518859,223,0.9823788546255506,0.003227639881680862,0,1,
159,6.4424635332252835,NEW_STABLE_VIEW,2,VIEW_002,0.015386121882845754,0.0013721899246739383,0.9999592860922956,222,0.9779735682819384,0.004928560760690994,0,1,
160,6.482982171799027,NEW_STABLE_VIEW,2,VIEW_002,0.010247276860702956,-0.002125912343239904,1.000004427595173,216,0.9557522123893806,0.003924513273234903,0,1,
161,6.523500810372772,NEW_STABLE_VIEW,2,VIEW_002,0.012755425275509812,-0.00253252998354987,1.00001813761535,220,0.9691629955947136,0.0028791423972386785,0,1,
162,6.564019448946516,NEW_STABLE_VIEW,2,VIEW_002,0.01006988309693134,-0.00042452507464540675,0.9999918749673249,220,1.0,0.0019539838868929582,0,1,
163,6.604538087520259,NEW_STABLE_VIEW,2,VIEW_002,0.01190600008025814,0.0003961295811703696,0.9999825005191967,222,1.0,0.0012860242353341382,0,1,
164,6.645056726094003,NEW_STABLE_VIEW,2,VIEW_002,0.004157146390758994,0.0012628790288217425,1.000040922103417,223,1.0,0.0036216101853119437,0,1,
165,6.685575364667748,NEW_STABLE_VIEW,2,VIEW_002,0.01310355903140375,0.001377300090244067,1.0000328675440278,219,1.0,0.0036465009769635725,0,1,
166,6.726094003241491,NEW_STABLE_VIEW,2,VIEW_002,0.01760757470367755,-0.0014389744809339287,1.000041757451966,220,1.0,0.0033895914235454213,0,1,
167,6.766612641815235,NEW_STABLE_VIEW,2,VIEW_002,0.011095459706024496,-0.00025676988398374515,0.9999927260412402,219,1.0,0.002285870746662463,0,1,
168,6.807131280388979,NEW_STABLE_VIEW,2,VIEW_002,0.010240015887695965,-0.0010467143798352264,0.9999602043146625,222,1.0,0.0074402044915099505,0,1,
169,6.847649918962723,NEW_STABLE_VIEW,2,VIEW_002,0.0036841518481456528,-0.0020774557891330976,1.0000011980990062,219,1.0,0.00701595704956394,0,1,
170,6.888168557536467,STABLE,2,VIEW_002,0.01088214631276634,-0.0014710232904936317,1.0000194270723228,225,1.0,0.002344174622338947,0,1,
171,6.928687196110211,STABLE,2,VIEW_002,0.007136505530627985,-0.00033654995747607115,0.9999971657693669,220,1.0,0.0025971439713899282,0,1,
172,6.9692058346839545,STABLE,2,VIEW_002,0.010900097828187886,-0.0005138903325667447,1.0000021904775032,221,1.0,0.0038632468701890956,0,1,
173,7.009724473257698,STABLE,2,VIEW_002,0.0034659873330324218,-0.0014908640716079296,0.9999869489096574,222,0.9955156950672646,0.0030871753590293654,0,1,
174,7.050243111831443,STABLE,2,VIEW_002,0.008213718258832867,0.00028184110791171343,1.000001505233423,220,1.0,0.003883817427385892,0,1,
175,7.0907617504051865,STABLE,2,VIEW_002,0.0002492464816738936,0.00014219825876664568,0.9999998145495248,219,1.0,0.0006680387047517883,0,1,
176,7.13128038897893,STABLE,2,VIEW_002,0.007926152660694151,-0.002120942293715096,0.9999979218531092,221,1.0,0.004091269330832652,0,1,
177,7.171799027552674,STABLE,2,VIEW_002,0.006279403233512592,-0.002347002091293791,0.9999977823444985,218,0.9954337899543378,0.002207478039327964,0,1,
178,7.212317666126419,STABLE,2,VIEW_002,0.010946523429279457,-0.0007929414148514639,0.9999770654566292,214,0.9683257918552036,0.004083089205540387,0,1,
179,7.252836304700162,STABLE,2,VIEW_002,0.005984486853230116,0.0004817373685164881,0.9999990096089784,209,0.9587155963302753,0.003746996800736951,0,1,
180,7.293354943273906,STABLE,2,VIEW_002,0.007239176648539963,0.0012403207819561097,0.999989104071092,209,0.9631336405529954,0.00793123770471392,0,1,
181,7.33387358184765,STABLE,2,VIEW_002,0.016054340265370712,0.001644602261066336,0.9999776671228519,218,0.9819819819819819,0.004705433240109877,0,1,
182,7.374392220421394,STABLE,2,VIEW_002,0.0119213420144056,0.0013011703890500128,0.9999670205174789,210,0.958904109589041,0.005103925042843923,0,1,
183,7.414910858995138,STABLE,2,VIEW_002,0.011243104430418894,0.0019330030247541972,0.9999970236543761,207,0.9452054794520548,0.0033196398190796297,0,1,
184,7.455429497568882,STABLE,2,VIEW_002,0.002300943948768722,0.0005914044144845887,0.9999637344839564,208,0.9497716894977168,0.005676584090626167,0,1,
185,7.4959481361426255,STABLE,2,VIEW_002,0.003419051241569318,0.0015906536265544262,1.0000170110906057,214,0.9511111111111111,0.0034272863443800387,0,1,
186,7.53646677471637,STABLE,2,VIEW_002,0.011455053870165184,0.003303890514787694,1.000008423808213,210,0.9502262443438914,0.004738589211618257,0,1,
187,7.576985413290114,STABLE,2,VIEW_002,0.027544773868185036,0.0012789964519705464,1.0000920359586465,209,0.9330357142857143,0.0037633293224347535,0,1,
188,7.6175040518638575,STABLE,2,VIEW_002,0.009717702755994824,-0.0012660924478338554,0.9999853557648418,208,0.9369369369369369,0.004949796697369513,0,1,
189,7.658022690437601,STABLE,2,VIEW_002,0.004310078746654158,-0.0014042777485665488,0.9999941147881288,208,0.9244444444444444,0.0074270777146176505,0,1,
190,7.698541329011345,STABLE,2,VIEW_002,0.010292323195388989,-0.0010595310170802138,0.9999830809981166,205,0.9192825112107623,0.008803919860265777,0,1,
191,7.7390599675850895,STABLE,2,VIEW_002,0.026805917973048595,-0.007271215786877112,0.9999518365126435,212,0.954954954954955,0.004480955937266617,0,1,
192,7.779578606158833,STABLE,2,VIEW_002,0.012702492842196269,-0.0029520826039649193,0.9999959147191858,215,0.9641255605381166,0.008100257282762055,0,1,
193,7.820097244732577,STABLE,2,VIEW_002,0.027211846201905865,0.004109474683605776,0.9999765229960073,212,0.9680365296803652,0.00516915928561057,0,1,
194,7.860615883306321,STABLE,2,VIEW_002,0.03359147356541438,-0.007920166610091043,0.9999960740275295,219,0.9954545454545455,0.0051940724515026305,0,1,
195,7.901134521880065,STABLE,2,VIEW_002,0.02549090303411252,-0.007476846512544597,0.9999845637166341,222,0.9955156950672646,0.006044389130885708,0,1,
196,7.941653160453809,STABLE,2,VIEW_002,0.014311152414280102,-0.0029066395559780964,0.9999661384561322,215,0.9598214285714286,0.006264182565659834,0,1,
197,7.982171799027553,STABLE,2,VIEW_002,0.011453598428810897,-0.0030813219473595863,1.000017148585293,223,0.9695652173913043,0.007782617714167185,0,1,
198,8.022690437601296,STABLE,2,VIEW_002,0.03062195140171354,0.002154966724990403,0.9999662741706904,220,0.9649122807017544,0.008172612207476488,0,1,
199,8.06320907617504,STABLE,2,VIEW_002,0.021617435830381185,0.002400701905401711,0.999985343707825,211,0.9377777777777778,0.006641830672729083,0,1,
200,8.103727714748784,STABLE,2,VIEW_002,0.024863478213059936,0.0027259865211036187,0.9999603731473808,212,0.9464285714285714,0.007613349707912905,0,1,
201,8.14424635332253,STABLE,2,VIEW_002,0.0327234682884565,0.004603956496872501,0.9999268155195475,220,0.9606986899563319,0.012974669096131257,0,1,
202,8.184764991896273,STABLE,2,VIEW_002,0.003157532061701277,-0.004710964614790954,0.9999927842805744,211,0.9590909090909091,0.007535707468483646,0,1,
203,8.225283630470017,STABLE,2,VIEW_002,0.025942292867693582,-0.00808724268716175,0.999989006812757,217,0.9517543859649122,0.008614215114710971,0,1,
204,8.26580226904376,STABLE,2,VIEW_002,0.010041229835110105,-0.0030920187739505614,1.00001995333722,216,0.96,0.01576215587759,0,1,
205,8.306320907617504,STABLE,2,VIEW_002,0.03497400359635808,0.0008132100589569868,0.99980007462905,211,0.9634703196347032,0.008800272438825855,0,1,
206,8.346839546191248,STABLE,2,VIEW_002,0.024504391081540483,0.0027704314299314063,0.9999444267980429,201,0.9392523364485982,0.009376790057862973,0,1,
207,8.387358184764992,STABLE,2,VIEW_002,0.038159073529835975,0.005233852429416718,0.9999042409282953,212,0.9636363636363636,0.007388927401712737,0,1,
208,8.427876823338735,STABLE,2,VIEW_002,0.037250472373650305,0.008920322567096918,0.9999595766008866,216,0.9642857142857143,0.010605444266418722,0,1,
209,8.468395461912479,STABLE,2,VIEW_002,0.018675125039659908,0.0026844286484515208,0.999985570034487,209,0.9414414414414415,0.010505213175720547,0,1,
210,8.508914100486225,STABLE,2,VIEW_002,0.039808867641214704,-0.006195402243252571,0.99998381489547,212,0.9380530973451328,0.007290875195662012,0,1,
211,8.549432739059968,STABLE,2,VIEW_002,0.017414762715039677,-0.0035654512390636715,0.9999955789019702,217,0.9730941704035875,0.008914120664326088,0,1,
212,8.589951377633712,STABLE,2,VIEW_002,0.017216122201606798,-0.0028934145922379557,0.9999981369887072,213,0.9594594594594594,0.010499624420549384,0,1,
213,8.630470016207456,STABLE,2,VIEW_002,0.029157584480792077,0.003039272090660546,0.9999753554724798,210,0.958904109589041,0.009155350443241807,0,1,
214,8.6709886547812,STABLE,2,VIEW_002,0.0485161123362625,0.013005661346001115,0.999944543407531,208,0.9541284403669725,0.010425312925395929,0,1,
215,8.711507293354943,STABLE,2,VIEW_002,0.024689752109550094,0.0008908085159377313,0.9999643434154732,202,0.9099099099099099,0.008487202792268967,0,1,
216,8.752025931928687,STABLE,2,VIEW_002,0.06474475218256254,-0.005579922823641281,0.9998324955585544,199,0.9342723004694836,0.011879650544778103,0,1,
217,8.79254457050243,STABLE,2,VIEW_002,0.0057636102706145305,0.0005901890039250016,0.9999839924842749,198,0.8959276018099548,0.013733823639276494,0,1,
218,8.833063209076174,STABLE,2,VIEW_002,0.029708310871652925,-0.0014957472922821032,0.9999606976716975,197,0.933649289099526,0.00983220097699456,0,1,
219,8.87358184764992,STABLE,2,VIEW_002,0.017542406389251784,-0.00160527380573086,0.9999846237268287,210,0.9417040358744395,0.011231011870175148,0,1,
220,8.914100486223663,STABLE,2,VIEW_002,0.023563614584491882,0.002619778907255572,0.9999858409177563,217,0.9601769911504425,0.010110358967548073,0,1,
221,8.954619124797407,STABLE,2,VIEW_002,0.018621080488339388,0.000994951283089375,1.0000003180536206,214,0.9596412556053812,0.006968077159315394,0,1,
222,8.995137763371151,STABLE,2,VIEW_002,0.010251748934690821,0.00040963147776851874,0.9999916958492174,209,0.9372197309417041,0.0068185307995899756,0,1,
223,9.035656401944895,STABLE,2,VIEW_002,0.0014244181360336203,0.00015839536086683381,0.9999822034980348,215,0.9429824561403509,0.0058928986421433556,0,1,
224,9.076175040518638,STABLE,2,VIEW_002,0.012950965280207654,-0.00016045662973142595,0.9999740652308031,218,0.9356223175965666,0.005224825182080385,0,1,
225,9.116693679092382,STABLE,2,VIEW_002,0.013659133735289652,0.0002572735912175884,0.9999707590149686,214,0.9596412556053812,0.006968048240972456,0,1,
226,9.157212317666126,STABLE,2,VIEW_002,0.03670197154265821,0.0041334074555865056,1.0000080248099346,222,0.9652173913043478,0.007063061268529124,0,1,
227,9.197730956239871,STABLE,2,VIEW_002,0.025240581250376638,0.0019451621572173477,0.9999770663048648,212,0.954954954954955,0.00685951887923844,0,1,
228,9.238249594813615,STABLE,2,VIEW_002,0.008705634718352563,-0.0001811094261058461,0.9999946032647771,225,1.0,0.009642324950086545,0,1,
229,9.278768233387359,STABLE,2,VIEW_002,43.957095451623175,-0.0004779638666148353,0.9999806150496898,192,0.9230769230769231,0.14513232198349316,1,0,
230,9.319286871961102,STABLE,2,VIEW_002,43.947316528778295,0.005051168500379728,1.000003924335837,206,0.9406392694063926,0.1451190312025975,1,0,
231,9.359805510534846,MOVING,2,VIEW_002,44.03347560728735,-0.005349933138839473,0.9999995828138468,216,0.968609865470852,0.152934883895851,1,0,MOVEMENT_STARTED
232,9.40032414910859,MOVING,2,VIEW_002,44.99927438403488,-0.005059244350921785,0.9998923076893231,213,0.9861111111111112,0.16748643006263048,1,0,
233,9.440842787682334,MOVING,2,VIEW_002,44.02098310697689,-0.000570324408306545,1.0000045490058447,230,1.0,0.1759899172008547,1,0,
234,9.481361426256077,MOVING,2,VIEW_002,43.98254123196946,-0.004965947106831148,1.0001258485998825,243,0.9918367346938776,0.1822404941775533,1,0,
235,9.521880064829821,MOVING,2,VIEW_002,43.98975543745436,-0.0013093831656305107,0.9999746945592607,254,0.996078431372549,0.18764401402571382,1,0,
236,9.562398703403566,MOVING,2,VIEW_002,44.00981045464543,-0.004063061847420656,0.9999462983522113,263,1.0,0.19558547916501443,1,0,
237,9.60291734197731,MOVING,2,VIEW_002,43.962907776998456,0.00461896955058403,1.0000400586167721,275,1.0,0.20347946589196791,1,0,
238,9.643435980551054,MOVING,2,VIEW_002,43.984207613042756,-0.0016164789164205206,1.0000840732819556,283,1.0,0.2132642452432349,1,0,
239,9.683954619124798,MOVING,2,VIEW_002,44.98824262562187,-0.007163061964814769,1.000066824045818,292,0.9931972789115646,0.2177360729296356,1,0,
240,9.724473257698541,MOVING,2,VIEW_002,44.0273158532219,0.006268022302568959,0.9999145164084512,301,0.9836601307189542,0.2227155291343718,1,0,
241,9.764991896272285,MOVING,2,VIEW_002,43.98481621321917,-0.0017016706251168196,1.0000228781790972,285,0.979381443298969,0.2142396880256408,1,0,
242,9.805510534846029,MOVING,2,VIEW_002,43.99313490158647,0.0017575299017125391,1.0000883267844747,275,1.0,0.20904484736820067,1,0,
243,9.846029173419772,MOVING,2,VIEW_002,44.01888021024827,0.00046643622608052776,1.0000244742831321,299,0.9867986798679867,0.20806806513128942,1,0,
244,9.886547811993518,MOVING,2,VIEW_002,44.004571746719,-0.00243807501721807,0.9999778077672686,306,0.9745222929936306,0.2066910725593059,1,0,
245,9.927066450567262,MOVING,2,VIEW_002,43.94152927104374,-0.0009308786311605562,1.0000645300431863,295,0.9899328859060402,0.2013317008536974,1,0,
246,9.967585089141005,MOVING,2,VIEW_002,43.93977059287021,-0.0025880055062655503,1.0000502985431396,325,1.0,0.20019292469645816,1,0,
247,10.008103727714749,MOVING,2,VIEW_002,45.075107414268736,0.0007528842450749084,0.9999161929798398,336,0.9911504424778761,0.2010240483485122,1,0,
248,10.048622366288493,MOVING,2,VIEW_002,43.99206829960987,-0.003624386304189149,0.9999994734506843,330,0.9763313609467456,0.20102683800224175,1,0,
249,10.089141004862237,MOVING,2,VIEW_002,43.9531418724553,-0.00011030499092116003,1.0002217826470106,353,0.988795518207283,0.20322316650928549,1,0,
250,10.12965964343598,MOVING,2,VIEW_002,44.00466119617499,-0.01626746078077408,1.0000131943257418,349,1.0,0.2007545746085644,1,0,
251,10.170178282009724,MOVING,2,VIEW_002,44.038550254360466,0.001519233745016529,0.999861859644955,330,1.0,0.19785350574520116,1,0,
252,10.210696920583468,MOVING,2,VIEW_002,43.98091676517351,0.006274236777448426,1.000064814520848,359,0.9972222222222222,0.2018739637934788,1,0,
253,10.251215559157213,MOVING,2,VIEW_002,43.967752448372984,0.0001547419835215317,1.0000519993748416,383,1.0,0.2112058322556885,1,0,
254,10.291734197730957,MOVING,2,VIEW_002,45.02123808166125,0.0008957626214658024,0.9999564226072608,397,1.0,0.22443927812808376,1,0,
255,10.3322528363047,MOVING,2,VIEW_002,44.02178029765073,-0.002094754132966764,1.0000202326916587,435,0.9908883826879271,0.22684142576011432,1,0,
256,10.372771474878444,MOVING,2,VIEW_002,43.96990733842187,0.007151674958533416,1.0001196841605309,502,0.9980119284294234,0.23577707953804758,1,0,
257,10.413290113452188,MOVING,2,VIEW_002,43.95728078119087,-0.003970909491907787,0.9999363957234336,503,0.9862745098039216,0.2283176440576607,1,0,
258,10.453808752025932,MOVING,2,VIEW_002,0.00030436156417281763,-3.480342138969835e-05,0.999999912435189,521,1.0,0.0021325861660424104,0,1,
259,10.494327390599675,MOVING,2,VIEW_002,0.0006033198673618676,-2.7712269185579255e-05,1.0000003599866476,524,1.0,0.0007690580909068234,0,1,
260,10.53484602917342,MOVING,2,VIEW_002,0.00029145526349871306,-3.0849824934542977e-06,1.0000006558746606,523,1.0,0.00013718333513473065,0,1,
261,10.575364667747165,MOVING,2,VIEW_002,0.00010518602064370393,3.427081192023755e-07,0.9999996053593595,523,1.0,8.314037837186198e-06,0,1,
262,10.615883306320908,MOVING,2,VIEW_002,0.0001145487181607741,-4.6217037066698996e-06,0.9999999899656934,523,1.0,0.0,0,1,
263,10.656401944894652,MOVING,2,VIEW_002,0.008463861061460349,-0.0007878521702059562,0.9999975462429588,521,1.0,0.02279058937021298,0,1,
264,10.696920583468396,MOVING,2,VIEW_002,0.014035715511589785,0.00047729990204846455,1.000013330172253,511,1.0,0.03845017989726099,0,1,
265,10.73743922204214,MOVING,2,VIEW_002,0.003406752468524313,-0.000496674406386456,1.0000131020150838,520,1.0,0.017058517825589856,0,1,
266,10.777957860615883,MOVING,2,VIEW_002,0.008077603089771946,-0.0008295636825108247,0.9999860480730215,517,1.0,0.004203305269722482,0,1,
267,10.818476499189627,MOVING,2,VIEW_002,0.0015106501868296424,9.722665078897605e-05,1.0000063324553685,518,1.0,0.0010726535703149361,0,1,
268,10.85899513776337,MOVING,2,VIEW_002,0.0002482820144532522,5.2448743909345425e-06,0.9999989640403423,516,1.0,0.001484253196133458,0,1,
269,10.899513776337114,STABLE,1,VIEW_001,0.0006774558320633548,0.00011778807277878904,1.0000021283694147,517,1.0,0.0014385139236506657,0,1,RETURN_TO_KNOWN_VIEW
270,10.94003241491086,STABLE,1,VIEW_001,0.00020639691433208454,-1.0694207901209153e-05,1.0000001261914684,516,1.0,0.00018709540618412683,0,1,
271,10.980551053484604,STABLE,1,VIEW_001,0.00040031244871949065,2.1655468188088198e-05,0.9999998111842744,514,1.0,0.00016630702771922384,0,1,
272,11.021069692058347,STABLE,1,VIEW_001,0.00044061103732767604,-3.6313074918077726e-05,1.0000003098244188,514,1.0,0.00013720329786835966,0,1,
273,11.061588330632091,STABLE,1,VIEW_001,0.00040726861859506316,5.096929175237803e-06,1.0000007727933249,514,1.0,0.00014551864925432088,0,1,
274,11.102106969205835,STABLE,1,VIEW_001,0.0003308318407402751,-4.871993046511969e-05,1.000000007353246,514,1.0,0.0021578336846569293,0,1,
275,11.142625607779578,STABLE,1,VIEW_001,0.001533298612018291,0.00022345848411726746,0.9999992312435666,515,1.0,0.004440397640103276,0,1,
276,11.183144246353322,STABLE,1,VIEW_001,0.002055749526911864,0.0005162676810831167,0.9999923323167275,518,1.0,0.020504994219845474,0,1,
277,11.223662884927066,STABLE,1,VIEW_001,0.004285511817473931,-0.00016954812355473892,0.9999962468315483,521,1.0,0.01175810240525539,0,1,
278,11.264181523500811,STABLE,1,VIEW_001,0.0007890534601373815,0.00012724633926442547,0.9999993746169025,518,1.0,0.0020289794815292186,0,1,
279,11.304700162074555,STABLE,1,VIEW_001,0.000558398516933925,1.2524881702605728e-05,1.0000011146381285,517,1.0,0.00027856890422634764,0,1,
280,11.345218800648299,STABLE,1,VIEW_001,0.0010155443635545402,-0.0001149232995193539,1.0000021944643147,516,1.0,0.0015757852940565037,0,1,
281,11.385737439222043,STABLE,1,VIEW_001,0.0004240184594901782,2.4347142318857724e-05,0.9999992706192777,516,1.0,0.0007151321123422655,0,1,
282,11.426256077795786,STABLE,1,VIEW_001,0.0003523931960399779,6.247699315819435e-06,0.9999990512439451,517,1.0,0.00048229840134710934,0,1,
283,11.46677471636953,STABLE,1,VIEW_001,0.0004967791412836842,-6.965659316366354e-05,0.9999993231192242,517,1.0,0.0005155603600607031,0,1,
284,11.507293354943274,STABLE,1,VIEW_001,7.487127557093186e-05,-3.698912708370911e-05,1.0000004589532359,517,1.0,0.00044487869779431637,0,1,
285,11.547811993517017,STABLE,1,VIEW_001,0.00019091842311429384,2.66769577818806e-05,1.0000003520133331,517,1.0,0.0004906138910255078,0,1,
286,11.588330632090761,STABLE,1,VIEW_001,0.00011456793422983014,-4.892601936849989e-06,0.9999997667179434,517,1.0,0.0004490364426335156,0,1,
287,11.628849270664507,STABLE,1,VIEW_001,0.0001252157891829223,2.769525783102941e-05,1.0000001908129101,517,1.0,0.0003534083113319336,0,1,
288,11.66936790923825,STABLE,1,VIEW_001,0.0063467638129645725,8.183033223732375e-05,1.0000115369056337,517,1.0,0.013321414464794295,0,1,
289,11.709886547811994,STABLE,1,VIEW_001,0.0033949541113090765,0.00014858993772075163,1.0000008036142753,519,1.0,0.015741091066327952,0,1,
290,11.750405186385738,STABLE,1,VIEW_001,0.0007031662249955046,0.0002011775022715379,1.0000023186251337,518,1.0,0.004016348116765135,0,1,
291,11.790923824959481,STABLE,1,VIEW_001,0.0002666265575662714,3.4900435141064594e-05,0.9999999819667034,518,1.0,9.978504637925801e-05,0,1,
292,11.831442463533225,STABLE,1,VIEW_001,0.0012696802300820502,-0.00010497692665786446,1.0000011421383916,518,1.0,0.002590253495594906,0,1,
293,11.871961102106969,STABLE,1,VIEW_001,0.00018939809094770818,-3.986879567051901e-06,1.00000012374902,516,1.0,0.0005030829421620924,0,1,
294,11.912479740680713,STABLE,1,VIEW_001,0.00031652923793106435,-2.4156101502857887e-05,1.0000006697683548,516,1.0,0.0005113983626936974,0,1,
295,11.952998379254458,STABLE,1,VIEW_001,0.0001856481151148225,-1.1138836561082118e-05,1.0000003153653463,516,1.0,0.0004365595779092538,0,1,
296,11.993517017828202,STABLE,1,VIEW_001,0.0001806887030902702,1.3109232837700444e-05,0.9999998252432609,516,1.0,0.00041577102658024175,0,1,
297,12.034035656401946,STABLE,1,VIEW_001,0.0003009700845643712,-4.7203002433773915e-05,0.9999991666491943,518,1.0,0.00035340537259320547,0,1,
298,12.07455429497569,STABLE,1,VIEW_001,0.00013831005529632478,-2.1168743544464468e-05,1.000000247496697,518,1.0,0.00034924766232740306,0,1,
299,12.115072933549433,STABLE,1,VIEW_001,0.00013885619668676152,4.031540769512562e-06,0.9999992954492559,518,1.0,0.0003700362136564151,0,1,
300,12.155591572123177,STABLE,1,VIEW_001,0.0013632037881814842,-0.00023046233038011445,0.9999956396877837,517,1.0,0.017296074705738056,0,1,
301,12.19611021069692,STABLE,1,VIEW_001,0.003496712905126448,-0.0002479218221915379,0.9999986058435668,515,1.0,0.01584899384666556,0,1,
302,12.236628849270664,STABLE,1,VIEW_001,0.0011718305854528913,0.00019106441371540903,1.0000065530329127,516,1.0,0.0028730136291442495,0,1,
303,12.277147487844408,STABLE,1,VIEW_001,0.00013287110045566173,-5.8188011528098796e-06,0.999999977155322,516,1.0,9.146544269274263e-05,0,1,
304,12.317666126418153,STABLE,1,VIEW_001,0.00046680886345163553,-2.2198287489705206e-06,1.0000010365874936,515,1.0,0.0012139958757400385,0,1,
305,12.358184764991897,STABLE,1,VIEW_001,4.1928570618523545e-05,2.2838920065686413e-05,1.0000000820943935,515,1.0,3.741768110157653e-05,0,1,
306,12.39870340356564,STABLE,1,VIEW_001,0.00021681715700101406,8.7173558066263e-06,1.0000005536929908,515,1.0,0.0001663008048958957,0,1,
307,12.439222042139384,STABLE,1,VIEW_001,0.006347519828497011,-0.00015667482639569115,0.9999906810514508,516,1.0,0.0009231114677888154,0,1,
308,12.479740680713128,STABLE,1,VIEW_001,0.0003865818438532875,-9.076434075706075e-06,1.0000004518872065,514,1.0,0.00013305170721971825,0,1,
309,12.520259319286872,STABLE,1,VIEW_001,0.0001037101642005049,-2.80801343708202e-05,1.0000002341697845,514,1.0,0.0001829430548163917,0,1,
310,12.560777957860616,STABLE,1,VIEW_001,0.00014704281435372517,-3.8457715527277654e-05,0.9999993953014298,515,1.0,0.00012889116180830141,0,1,
311,12.60129659643436,STABLE,1,VIEW_001,0.0001076181708345024,1.0221029962896868e-05,0.999999780840666,515,1.0,0.00011641782356878838,0,1,
312,12.641815235008103,STABLE,1,VIEW_001,0.0016678525598985666,-0.00030466979327682734,0.9999959475268274,515,1.0,0.017434221468250008,0,1,
313,12.682333873581848,STABLE,1,VIEW_001,0.005508128152238565,-0.0006252187501370201,1.0000000417403772,512,1.0,0.026629569094228665,0,1,
314,12.722852512155592,STABLE,1,VIEW_001,0.0054748293589056436,0.0009941978182249848,0.9999943246398828,516,1.0,0.013625269740425515,0,1,
315,12.763371150729336,STABLE,1,VIEW_001,0.00184771850323293,-0.00014206278258432155,1.0000013615894878,511,1.0,0.00426975541410807,0,1,
316,12.80388978930308,STABLE,1,VIEW_001,0.0010130540135968645,-0.00035533962703385223,0.9999973069739809,512,1.0,0.0014967134666794165,0,1,
317,12.844408427876823,STABLE,1,VIEW_001,0.0013409423945671265,5.5678245239971774e-05,1.00000286932445,511,1.0,0.0011806915360214852,0,1,
318,12.884927066450567,STABLE,1,VIEW_001,0.0012370914802493325,7.609289983648874e-05,0.9999992899973593,509,1.0,0.0006485542644521587,0,1,
319,12.92544570502431,STABLE,1,VIEW_001,0.000369107319317044,1.1292721102195136e-07,0.9999999786177757,511,1.0,0.0006734986592387802,0,1,
320,12.965964343598054,STABLE,1,VIEW_001,0.0003496630972860142,9.32138250404338e-06,1.0000004353330685,511,1.0,0.00018708296089966117,0,1,
321,13.0064829821718,STABLE,1,VIEW_001,0.0004313928447495605,-3.599172211407542e-05,1.0000000692565123,511,1.0,0.0002993327374394579,0,1,
322,13.047001620745544,STABLE,1,VIEW_001,0.0003136511911587369,-3.2305707461760613e-06,1.0000007153898816,512,1.0,0.000178768162637454,0,1,
323,13.087520259319287,STABLE,1,VIEW_001,0.003753645107005647,0.00024734753930285414,0.9999975886455658,512,1.0,0.0016422818987273354,0,1,
324,13.128038897893031,STABLE,1,VIEW_001,0.006018748604969128,-0.0004535158588601191,0.9999995508511498,511,1.0,0.035709978081576464,0,1,
325,13.168557536466775,STABLE,1,VIEW_001,0.003478735240794786,0.00017910867787024196,1.000015067949531,527,1.0,0.018608209063810856,0,1,
326,13.209076175040519,STABLE,1,VIEW_001,0.0019198852517248227,3.3821899524575344e-05,0.9999968337891297,524,1.0,0.004477444406104624,0,1,
327,13.249594813614262,STABLE,1,VIEW_001,0.0011125158817834977,0.0004244436036216855,1.000001513156399,524,1.0,0.00500542531564528,0,1,
328,13.290113452188006,STABLE,1,VIEW_001,0.0017250636599396103,-0.0002162134591770235,0.9999981636541061,523,1.0,0.002028777038234964,0,1,
329,13.33063209076175,STABLE,1,VIEW_001,0.003260361952673793,6.516528364478815e-05,1.0000044386219402,522,1.0,0.00158394272862197,0,1,
330,13.371150729335495,STABLE,1,VIEW_001,0.000924523686391703,-0.00016387369571505648,0.9999989490673679,524,1.0,5.820261994936372e-05,0,1,
331,13.411669367909239,STABLE,1,VIEW_001,0.001037087917356441,0.00015290966898463048,1.0000012990605442,525,1.0,0.00013303455988425994,0,1,
332,13.452188006482983,STABLE,1,VIEW_001,0.0011457099707715816,-8.419703146207322e-05,0.9999988983102137,525,1.0,0.00021202382981553927,0,1,
333,13.492706645056726,STABLE,1,VIEW_001,0.0037629483751393865,2.3960182948023444e-05,0.9999993268439897,524,1.0,0.0014718110760019957,0,1,
334,13.53322528363047,STABLE,1,VIEW_001,0.0008454713386168602,-0.00012791318485546772,0.9999989032135727,524,1.0,0.0003450612587668425,0,1,
335,13.573743922204214,STABLE,1,VIEW_001,0.0012732146985072852,0.00016089997247875168,1.0000013509285046,524,1.0,0.0008855149706075547,0,1,
336,13.614262560777957,STABLE,1,VIEW_001,0.0031078758363227593,-0.000508515376746793,0.9999776182625546,524,1.0,0.01566124807716293,0,1,
337,13.654781199351701,STABLE,1,VIEW_001,0.002748528949190142,0.0003124444079626798,1.0000172712129003,524,1.0,0.01707408331254677,0,1,
338,13.695299837925447,STABLE,1,VIEW_001,0.0021347188121736155,5.63006591192698e-05,0.9999969031722327,522,1.0,0.004622931736925251,0,1,
339,13.73581847649919,STABLE,1,VIEW_001,0.0011573553014664012,0.00016576888751202947,1.0000007852491337,522,1.0,0.0024777583769851168,0,1,
340,13.776337115072934,STABLE,1,VIEW_001,0.001276195284026985,-0.00017862250666440558,0.9999983961363808,522,1.0,0.001201463374074998,0,1,
341,13.816855753646678,STABLE,1,VIEW_001,0.001251961193562688,0.0001486825812045587,1.000002586775724,521,1.0,0.0005279787145589091,0,1,
342,13.857374392220422,STABLE,1,VIEW_001,0.00100397201938336,-0.0001588933251312546,0.9999986799845607,522,1.0,3.741581441756049e-05,0,1,
343,13.897893030794165,STABLE,1,VIEW_001,0.001016857935794399,0.00014811287481344092,1.0000012778337557,523,1.0,0.00010393281782655692,0,1,
344,13.938411669367909,STABLE,1,VIEW_001,0.001173918916014037,-0.00016131100905010908,0.9999965583537377,523,1.0,0.0005487652781242205,0,1,
345,13.978930307941653,STABLE,1,VIEW_001,0.0024508407881267706,-1.2884786106945024e-06,1.0000043242844479,526,1.0,0.0006236072770811853,0,1,
346,14.019448946515396,STABLE,1,VIEW_001,0.0011370152225552038,-0.00014634381624368647,0.9999979640403936,525,1.0,0.00013303621911065288,0,1,
347,14.059967585089142,STABLE,1,VIEW_001,0.0016240157665228833,0.0002693621999194263,1.0000041850052117,524,1.0,0.00044898977301072586,0,1,
348,14.100486223662886,STABLE,1,VIEW_001,0.002202983538750389,-0.00021961221077613702,0.9999758458921422,524,1.0,0.01612212572597375,0,1,
349,14.14100486223663,STABLE,1,VIEW_001,0.0026769780500107915,0.0003308603386038595,1.000020958510045,525,1.0,0.018113788014218306,0,1,
350,14.181523500810373,STABLE,1,VIEW_001,0.0023270547833659653,1.4714600595892215e-05,0.9999956287151713,522,1.0,0.005101107526524097,0,1,
351,14.222042139384117,STABLE,1,VIEW_001,0.001216334147518697,0.00010856101094618297,0.9999995339651438,525,1.0,0.002481915689698179,0,1,
352,14.26256077795786,STABLE,1,VIEW_001,0.001202005783966924,-0.0002285815989660139,0.9999969771591777,524,1.0,0.0012430365012056207,0,1,
353,14.303079416531604,STABLE,1,VIEW_001,0.001824360289159216,0.00022374445409427713,1.0000072063496483,525,1.0,0.0006194395942462792,0,1,
354,14.343598055105348,STABLE,1,VIEW_001,0.000964847641612563,-0.00017302580268050606,0.9999989486708237,523,1.0,4.5730439843685045e-05,0,1,
355,14.384116693679093,STABLE,1,VIEW_001,0.0008979164308375757,0.00018564512113265858,1.0000008189570835,524,1.0,0.00013303400681799284,0,1,
356,14.424635332252837,STABLE,1,VIEW_001,0.0012917860720738483,-9.516352288371865e-05,0.9999985014317735,524,1.0,0.00014550594495717968,0,1,
